<?xml version="1.0" encoding="UTF-8"?>
<project-private xmlns="http://www.netbeans.org/ns/project-private/1">
    <editor-bookmarks xmlns="http://www.netbeans.org/ns/editor-bookmarks/2" lastBookmarkId="0"/>
    <open-files xmlns="http://www.netbeans.org/ns/projectui-open-files/2">
        <group>
            <file>file:/C:/Users/Windows10/Documents/NetBeansProjects/RestaurentManagement/src/restaurentmanagement/LoginGUI.java</file>
            <file>file:/C:/Users/Windows10/Documents/NetBeansProjects/RestaurentManagement/src/restaurentmanagement/StockGUI.java</file>
            <file>file:/C:/Users/Windows10/Documents/NetBeansProjects/RestaurentManagement/src/restaurentmanagement/TimetableGUI.java</file>
            <file>file:/C:/Users/Windows10/Documents/NetBeansProjects/RestaurentManagement/src/restaurentmanagement/Menu.java</file>
            <file>file:/C:/Users/Windows10/Documents/NetBeansProjects/RestaurentManagement/src/restaurentmanagement/Employee.java</file>
            <file>file:/C:/Users/Windows10/Documents/NetBeansProjects/RestaurentManagement/src/restaurentmanagement/TimeTable.java</file>
            <file>file:/C:/Users/Windows10/Documents/NetBeansProjects/RestaurentManagement/src/restaurentmanagement/MenuGUI.java</file>
            <file>file:/C:/Users/Windows10/Documents/NetBeansProjects/RestaurentManagement/src/restaurentmanagement/MainGUI.java</file>
            <file>file:/C:/Users/Windows10/Documents/NetBeansProjects/RestaurentManagement/src/restaurentmanagement/Stock.java</file>
            <file>file:/C:/Users/Windows10/Documents/NetBeansProjects/RestaurentManagement/src/restaurentmanagement/Bill.java</file>
            <file>file:/C:/Users/Windows10/Documents/NetBeansProjects/RestaurentManagement/src/restaurentmanagement/RestaurentManagement.java</file>
        </group>
    </open-files>
</project-private>
